Estrategia,Tempo_s,F1_Score,Accuracy
Batch (Full),2.6846253871917725,0.7305389221556886,0.925
Mini-batch (64),4.530517578125,0.8901098901098901,0.9666666666666667
Mini-batch (32),7.310038328170776,0.8864864864864865,0.965
Stochastic (SGD Puro),175.80539631843567,0.0,0.8333333333333334
