Estrategia,Tempo_s,F1_Score,Accuracy
Batch (Full),2.0729563236236572,0.7411764705882353,0.9266666666666666
Mini-batch (64),5.062098503112793,0.9042553191489362,0.97
Mini-batch (32),8.399737119674683,0.8961748633879781,0.9683333333333334
Stochastic (SGD Puro),198.3279504776001,0.0392156862745098,0.8366666666666667
