Estrategia,Tempo_s,F1_Score,Accuracy
Batch (Full),2.3477399349212646,0.6951219512195121,0.9166666666666666
Mini-batch (64),4.471705436706543,0.9052631578947369,0.97
Mini-batch (32),7.114458322525024,0.8852459016393442,0.965
Stochastic (SGD Puro),171.16868352890015,0.0,0.8333333333333334
