Estrategia,Tempo_s,F1_Score,Accuracy
Batch (Full),1.9608449935913086,0.6993865030674846,0.9183333333333333
Mini-batch (64),4.688300609588623,0.9032258064516129,0.97
Mini-batch (32),7.770476579666138,0.8571428571428571,0.9583333333333334
Stochastic (SGD Puro),189.08902883529663,0.0,0.8333333333333334
